{"units": 10881, "features": 17317, "input shape": [null, 17317], "output shape": [null, 10881], "output dtype": "float32", "compute dtype": "float32", "workload": "dense", "batch_size": 32, "time": 22.285200000000003, "power": 260.452, "memory": 1.11328125}