{"units": 3532, "features": 8559, "input shape": [null, 8559], "output shape": [null, 3532], "output dtype": "float32", "compute dtype": "float32", "workload": "dense", "batch_size": 128, "time": 11.473600000000001, "power": 281.67949999999996, "memory": 0.525390625}