{"units": 3880, "features": 17303, "input shape": [null, 17303], "output shape": [null, 3880], "output dtype": "float32", "compute dtype": "float32", "workload": "dense", "batch_size": 16, "time": 3.9969200000000003, "power": 257.95349999999996, "memory": 0.658203125}