{"units": 1552, "features": 13663, "input shape": [null, 13663], "output shape": [null, 1552], "output dtype": "float32", "compute dtype": "float32", "workload": "dense", "batch_size": 128, "time": 7.9612799999999995, "power": 285.3795, "memory": 0.494140625}