{"units": 17084, "features": 16351, "input shape": [null, 16351], "output shape": [null, 17084], "output dtype": "float32", "compute dtype": "float32", "workload": "dense", "batch_size": 128, "time": 131.95499999999998, "power": 271.167, "memory": 1.462890625}