{"units": 1438, "features": 24498, "input shape": [null, 24498], "output shape": [null, 1438], "output dtype": "float32", "compute dtype": "float32", "workload": "dense", "batch_size": 64, "time": 8.141860000000001, "power": 257.64700000000005, "memory": 0.544921875}