{"units": 1631, "features": 20772, "input shape": [null, 20772], "output shape": [null, 1631], "output dtype": "float32", "compute dtype": "float32", "workload": "dense", "batch_size": 128, "time": 15.6165, "power": 261.63649999999996, "memory": 0.544921875}