{"units": 2488, "features": 6667, "input shape": [null, 6667], "output shape": [null, 2488], "output dtype": "float32", "compute dtype": "float32", "workload": "dense", "batch_size": 64, "time": 3.8382300000000003, "power": 254.03949999999998, "memory": 0.470703125}