{"units": 623, "features": 24872, "input shape": [null, 24872], "output shape": [null, 623], "output dtype": "float32", "compute dtype": "float32", "workload": "dense", "batch_size": 64, "time": 2.5056599999999998, "power": 238.44600000000003, "memory": 0.47265625}