{"units": 13440, "features": 15383, "input shape": [null, 15383], "output shape": [null, 13440], "output dtype": "float32", "compute dtype": "float32", "workload": "dense", "batch_size": 1, "time": 0.7934249999999999, "power": 242.536, "memory": 1.177734375}