{"units": 4271, "features": 16351, "input shape": [null, 16351], "output shape": [null, 4271], "output dtype": "float32", "compute dtype": "float32", "workload": "dense", "batch_size": 128, "time": 33.101600000000005, "power": 264.32550000000003, "memory": 0.677734375}