{"units": 11504, "features": 24498, "input shape": [null, 24498], "output shape": [null, 11504], "output dtype": "float32", "compute dtype": "float32", "workload": "dense", "batch_size": 1, "time": 1.1609299999999998, "power": 232.60750000000002, "memory": 1.45703125}