{"units": 1221, "features": 24270, "input shape": [null, 24270], "output shape": [null, 1221], "output dtype": "float32", "compute dtype": "float32", "workload": "dense", "batch_size": 128, "time": 13.914100000000001, "power": 265.486, "memory": 0.529296875}