{"units": 10881, "features": 17317, "input shape": [null, 17317], "output shape": [null, 10881], "output dtype": "float32", "compute dtype": "float32", "workload": "dense", "batch_size": 128, "time": 88.84060000000001, "power": 263.782, "memory": 1.123046875}