{"units": 1560, "features": 21063, "input shape": [null, 21063], "output shape": [null, 1560], "output dtype": "float32", "compute dtype": "float32", "workload": "dense", "batch_size": 128, "time": 12.507900000000001, "power": 291.036, "memory": 0.541015625}