{"units": 13048, "features": 20772, "input shape": [null, 20772], "output shape": [null, 13048], "output dtype": "float32", "compute dtype": "float32", "workload": "dense", "batch_size": 16, "time": 15.879199999999999, "power": 263.104, "memory": 1.41796875}