{"units": 992, "features": 2171, "input shape": [null, 2171], "output shape": [null, 992], "output dtype": "float32", "compute dtype": "float32", "workload": "dense", "batch_size": 128, "time": 0.26801400000000003, "power": 393.78549999999996, "memory": 0.41796875}