{"units": 13206, "features": 13758, "input shape": [null, 13758], "output shape": [null, 13206], "output dtype": "float32", "compute dtype": "float32", "workload": "dense", "batch_size": 128, "time": 84.58590000000001, "power": 247.66750000000002, "memory": 1.09765625}