{"units": 11184, "features": 16960, "input shape": [null, 16960], "output shape": [null, 11184], "output dtype": "float32", "compute dtype": "float32", "workload": "dense", "batch_size": 32, "time": 17.155900000000003, "power": 272.63149999999996, "memory": 1.1171875}