{"units": 12144, "features": 10022, "input shape": [null, 10022], "output shape": [null, 12144], "output dtype": "float32", "compute dtype": "float32", "workload": "dense", "batch_size": 1, "time": 0.48910900000000007, "power": 234.957, "memory": 0.861328125}