{"units": 278, "features": 17135, "input shape": [null, 17135], "output shape": [null, 278], "output dtype": "float32", "compute dtype": "float32", "workload": "dense", "batch_size": 16, "time": 0.21783300000000003, "power": 173.05349999999999, "memory": 0.42578125}