{"units": 17608, "features": 13758, "input shape": [null, 13758], "output shape": [null, 17608], "output dtype": "float32", "compute dtype": "float32", "workload": "dense", "batch_size": 32, "time": 28.1994, "power": 259.49350000000004, "memory": 1.314453125}