{"units": 3190, "features": 21801, "input shape": [null, 21801], "output shape": [null, 3190], "output dtype": "float32", "compute dtype": "float32", "workload": "dense", "batch_size": 128, "time": 32.884499999999996, "power": 263.708, "memory": 0.677734375}