{"units": 815, "features": 20772, "input shape": [null, 20772], "output shape": [null, 815], "output dtype": "float32", "compute dtype": "float32", "workload": "dense", "batch_size": 128, "time": 6.930129999999999, "power": 233.18849999999998, "memory": 0.482421875}