{"units": 15088, "features": 10452, "input shape": [null, 10452], "output shape": [null, 15088], "output dtype": "float32", "compute dtype": "float32", "workload": "dense", "batch_size": 16, "time": 9.437249999999999, "power": 256.71950000000004, "memory": 0.99609375}