{"units": 9570, "features": 21801, "input shape": [null, 21801], "output shape": [null, 9570], "output dtype": "float32", "compute dtype": "float32", "workload": "dense", "batch_size": 32, "time": 24.625899999999998, "power": 261.47950000000003, "memory": 1.1875}