{"units": 14528, "features": 20660, "input shape": [null, 20660], "output shape": [null, 14528], "output dtype": "float32", "compute dtype": "float32", "workload": "dense", "batch_size": 32, "time": 36.1032, "power": 258.65999999999997, "memory": 1.529296875}