{"units": 13836, "features": 16349, "input shape": [null, 16349], "output shape": [null, 13836], "output dtype": "float32", "compute dtype": "float32", "workload": "dense", "batch_size": 64, "time": 53.608799999999995, "power": 267.578, "memory": 1.255859375}