{"units": 8952, "features": 22306, "input shape": [null, 22306], "output shape": [null, 8952], "output dtype": "float32", "compute dtype": "float32", "workload": "dense", "batch_size": 32, "time": 23.389699999999998, "power": 263.27750000000003, "memory": 1.154296875}