{"units": 15136, "features": 21320, "input shape": [null, 21320], "output shape": [null, 15136], "output dtype": "float32", "compute dtype": "float32", "workload": "dense", "batch_size": 128, "time": 125.13499999999999, "power": 295.45, "memory": 1.626953125}