{"units": 1480, "features": 23433, "input shape": [null, 23433], "output shape": [null, 1480], "output dtype": "float32", "compute dtype": "float32", "workload": "dense", "batch_size": 128, "time": 16.405099999999997, "power": 260.4235, "memory": 0.548828125}