{"units": 10275, "features": 14355, "input shape": [null, 14355], "output shape": [null, 10275], "output dtype": "float32", "compute dtype": "float32", "workload": "dense", "batch_size": 16, "time": 8.71236, "power": 257.85799999999995, "memory": 0.95703125}