{"units": 1630, "features": 4075, "input shape": [null, 4075], "output shape": [null, 1630], "output dtype": "float32", "compute dtype": "float32", "workload": "dense", "batch_size": 64, "time": 0.9886969999999999, "power": 256.58900000000006, "memory": 0.43359375}