{"units": 1310, "features": 13750, "input shape": [null, 13750], "output shape": [null, 1310], "output dtype": "float32", "compute dtype": "float32", "workload": "dense", "batch_size": 128, "time": 8.03188, "power": 251.98950000000002, "memory": 0.482421875}