{"units": 12144, "features": 10022, "input shape": [null, 10022], "output shape": [null, 12144], "output dtype": "float32", "compute dtype": "float32", "workload": "dense", "batch_size": 32, "time": 14.639100000000001, "power": 250.728, "memory": 0.86328125}