{"units": 5094, "features": 1347, "input shape": [null, 1347], "output shape": [null, 5094], "output dtype": "float32", "compute dtype": "float32", "workload": "dense", "batch_size": 128, "time": 0.8894559999999999, "power": 404.02049999999997, "memory": 0.4375}