{"units": 1190, "features": 1562, "input shape": [null, 1562], "output shape": [null, 1190], "output dtype": "float32", "compute dtype": "float32", "workload": "dense", "batch_size": 128, "time": 0.23785799999999999, "power": 403.1145, "memory": 0.416015625}