{"units": 16388, "features": 13009, "input shape": [null, 13009], "output shape": [null, 16388], "output dtype": "float32", "compute dtype": "float32", "workload": "dense", "batch_size": 128, "time": 103.27699999999999, "power": 259.7105, "memory": 1.216796875}