{"units": 3342, "features": 17135, "input shape": [null, 17135], "output shape": [null, 3342], "output dtype": "float32", "compute dtype": "float32", "workload": "dense", "batch_size": 128, "time": 27.185399999999998, "power": 266.633, "memory": 0.630859375}