{"units": 888, "features": 13237, "input shape": [null, 13237], "output shape": [null, 888], "output dtype": "float32", "compute dtype": "float32", "workload": "dense", "batch_size": 32, "time": 1.0297699999999999, "power": 206.11700000000002, "memory": 0.451171875}