{"units": 1221, "features": 24270, "input shape": [null, 24270], "output shape": [null, 1221], "output dtype": "float32", "compute dtype": "float32", "workload": "dense", "batch_size": 16, "time": 1.5638500000000002, "power": 251.37349999999998, "memory": 0.517578125}