{"units": 10080, "features": 15383, "input shape": [null, 15383], "output shape": [null, 10080], "output dtype": "float32", "compute dtype": "float32", "workload": "dense", "batch_size": 64, "time": 36.837300000000006, "power": 260.387, "memory": 0.990234375}