{"units": 1313, "features": 13639, "input shape": [null, 13639], "output shape": [null, 1313], "output dtype": "float32", "compute dtype": "float32", "workload": "dense", "batch_size": 16, "time": 0.585027, "power": 312.93100000000004, "memory": 0.474609375}