{"units": 2910, "features": 2162, "input shape": [null, 2162], "output shape": [null, 2910], "output dtype": "float32", "compute dtype": "float32", "workload": "dense", "batch_size": 32, "time": 0.19412100000000002, "power": 401.56600000000003, "memory": 0.4296875}