{"units": 17084, "features": 16351, "input shape": [null, 16351], "output shape": [null, 17084], "output dtype": "float32", "compute dtype": "float32", "workload": "dense", "batch_size": 16, "time": 16.550700000000003, "power": 265.6155, "memory": 1.44921875}