{"units": 11892, "features": 21061, "input shape": [null, 21061], "output shape": [null, 11892], "output dtype": "float32", "compute dtype": "float32", "workload": "dense", "batch_size": 128, "time": 96.72840000000001, "power": 298.734, "memory": 1.35546875}