{"units": 212, "features": 5478, "input shape": [null, 5478], "output shape": [null, 212], "output dtype": "float32", "compute dtype": "float32", "workload": "dense", "batch_size": 32, "time": 0.06615810000000001, "power": 284.93399999999997, "memory": 0.412109375}