{"units": 1560, "features": 21063, "input shape": [null, 21063], "output shape": [null, 1560], "output dtype": "float32", "compute dtype": "float32", "workload": "dense", "batch_size": 1, "time": 0.14349900000000002, "power": 203.36599999999999, "memory": 0.529296875}