{"units": 12813, "features": 16351, "input shape": [null, 16351], "output shape": [null, 12813], "output dtype": "float32", "compute dtype": "float32", "workload": "dense", "batch_size": 128, "time": 99.07430000000001, "power": 267.578, "memory": 1.201171875}