{"units": 10660, "features": 13237, "input shape": [null, 13237], "output shape": [null, 10660], "output dtype": "float32", "compute dtype": "float32", "workload": "dense", "batch_size": 64, "time": 32.9917, "power": 260.99199999999996, "memory": 0.939453125}