{"units": 208, "features": 15061, "input shape": [null, 15061], "output shape": [null, 208], "output dtype": "float32", "compute dtype": "float32", "workload": "dense", "batch_size": 1, "time": 0.027229700000000003, "power": 97.28999999999999, "memory": 0.41796875}