{"units": 4474, "features": 23158, "input shape": [null, 23158], "output shape": [null, 4474], "output dtype": "float32", "compute dtype": "float32", "workload": "dense", "batch_size": 128, "time": 40.592499999999994, "power": 293.689, "memory": 0.806640625}