{"units": 666, "features": 13237, "input shape": [null, 13237], "output shape": [null, 666], "output dtype": "float32", "compute dtype": "float32", "workload": "dense", "batch_size": 16, "time": 0.42939900000000003, "power": 216.66250000000002, "memory": 0.439453125}