{"units": 2390, "features": 22861, "input shape": [null, 22861], "output shape": [null, 2390], "output dtype": "float32", "compute dtype": "float32", "workload": "dense", "batch_size": 128, "time": 21.195700000000002, "power": 290.708, "memory": 0.623046875}