{"units": 1035, "features": 13663, "input shape": [null, 13663], "output shape": [null, 1035], "output dtype": "float32", "compute dtype": "float32", "workload": "dense", "batch_size": 32, "time": 0.7739459999999999, "power": 335.76149999999996, "memory": 0.458984375}