{"units": 1035, "features": 13663, "input shape": [null, 13663], "output shape": [null, 1035], "output dtype": "float32", "compute dtype": "float32", "workload": "dense", "batch_size": 128, "time": 4.79419, "power": 228.92950000000002, "memory": 0.466796875}