{"units": 11817, "features": 13639, "input shape": [null, 13639], "output shape": [null, 11817], "output dtype": "float32", "compute dtype": "float32", "workload": "dense", "batch_size": 32, "time": 15.5178, "power": 285.54449999999997, "memory": 1.009765625}