{"units": 26, "features": 5478, "input shape": [null, 5478], "output shape": [null, 26], "output dtype": "float32", "compute dtype": "float32", "workload": "dense", "batch_size": 128, "time": 0.039326799999999995, "power": 268.02049999999997, "memory": 0.412109375}