{"units": 14912, "features": 16960, "input shape": [null, 16960], "output shape": [null, 14912], "output dtype": "float32", "compute dtype": "float32", "workload": "dense", "batch_size": 64, "time": 45.665400000000005, "power": 266.691, "memory": 1.357421875}