{"units": 8542, "features": 16351, "input shape": [null, 16351], "output shape": [null, 8542], "output dtype": "float32", "compute dtype": "float32", "workload": "dense", "batch_size": 128, "time": 65.85549999999999, "power": 267.3055, "memory": 0.939453125}