{"units": 17084, "features": 16351, "input shape": [null, 16351], "output shape": [null, 17084], "output dtype": "float32", "compute dtype": "float32", "workload": "dense", "batch_size": 1, "time": 1.0736700000000001, "power": 237.212, "memory": 1.447265625}