{"units": 377, "features": 11168, "input shape": [null, 11168], "output shape": [null, 377], "output dtype": "float32", "compute dtype": "float32", "workload": "dense", "batch_size": 32, "time": 0.19485300000000003, "power": 295.46799999999996, "memory": 0.42578125}