{"units": 740, "features": 23433, "input shape": [null, 23433], "output shape": [null, 740], "output dtype": "float32", "compute dtype": "float32", "workload": "dense", "batch_size": 1, "time": 0.21442999999999998, "power": 145.05149999999998, "memory": 0.47265625}