{"units": 6918, "features": 16349, "input shape": [null, 16349], "output shape": [null, 6918], "output dtype": "float32", "compute dtype": "float32", "workload": "dense", "batch_size": 16, "time": 6.754630000000001, "power": 261.98749999999995, "memory": 0.828125}