{"units": 15136, "features": 21320, "input shape": [null, 21320], "output shape": [null, 15136], "output dtype": "float32", "compute dtype": "float32", "workload": "dense", "batch_size": 16, "time": 15.6747, "power": 286.69100000000003, "memory": 1.611328125}