{"units": 5152, "features": 8586, "input shape": [null, 8586], "output shape": [null, 5152], "output dtype": "float32", "compute dtype": "float32", "workload": "dense", "batch_size": 64, "time": 10.227500000000001, "power": 256.58900000000006, "memory": 0.576171875}