{"units": 2135, "features": 16351, "input shape": [null, 16351], "output shape": [null, 2135], "output dtype": "float32", "compute dtype": "float32", "workload": "dense", "batch_size": 128, "time": 16.402900000000002, "power": 247.935, "memory": 0.544921875}