{"units": 2428, "features": 16076, "input shape": [null, 16076], "output shape": [null, 2428], "output dtype": "float32", "compute dtype": "float32", "workload": "dense", "batch_size": 16, "time": 2.3344099999999997, "power": 255.0985, "memory": 0.552734375}