{"units": 1423, "features": 16351, "input shape": [null, 16351], "output shape": [null, 1423], "output dtype": "float32", "compute dtype": "float32", "workload": "dense", "batch_size": 128, "time": 10.789200000000001, "power": 263.8825, "memory": 0.501953125}