{"units": 1352, "features": 10671, "input shape": [null, 10671], "output shape": [null, 1352], "output dtype": "float32", "compute dtype": "float32", "workload": "dense", "batch_size": 128, "time": 6.390899999999999, "power": 255.5655, "memory": 0.466796875}