{"units": 3392, "features": 12786, "input shape": [null, 12786], "output shape": [null, 3392], "output dtype": "float32", "compute dtype": "float32", "workload": "dense", "batch_size": 128, "time": 20.615399999999998, "power": 259.575, "memory": 0.576171875}