{"units": 4097, "features": 13009, "input shape": [null, 13009], "output shape": [null, 4097], "output dtype": "float32", "compute dtype": "float32", "workload": "dense", "batch_size": 128, "time": 25.809700000000003, "power": 257.59000000000003, "memory": 0.615234375}