{"units": 2876, "features": 24498, "input shape": [null, 24498], "output shape": [null, 2876], "output dtype": "float32", "compute dtype": "float32", "workload": "dense", "batch_size": 128, "time": 33.463300000000004, "power": 260.726, "memory": 0.681640625}